scenario,chinook_raw,hydro_raw,steelhead_raw,chinook_norm,hydro_norm,steelhead_norm,Chinook,Steelhead,Hydropower,Composite
PB1,8560.221597211545,111422,52,0.2765440588945714,0.7629773022187241,0.8125,0.11061762355782856,0.08125,0.38148865110936203,0.5733562746671905
PB2,10504.655506806766,370826,52.5,0.8363701532396846,0.21115956518964454,0.9375,0.33454806129587383,0.09375,0.10557978259482227,0.5338778438906961
PB4,9545.137697712697,241590,51.25,0.5601133440630045,0.48607713416579806,0.625,0.22404533762520182,0.0625,0.24303856708289903,0.5295839047081009
PB3,9115.52329662505,201552,51.25,0.4364221499069739,0.5712480588823416,0.625,0.1745688599627896,0.0625,0.2856240294411708,0.5226928894039604
PB2c,11072.988112014855,433215,51.25,1,0.07844242591844115,0.625,0.4,0.0625,0.039221212959220576,0.5017212129592206
NB,7599.706088836159,0,48.75,0,1,0,0,0,0.5,0.5
PB2b,10974.09693122395,470090,52.5,0.9715280302230106,0,0.9375,0.38861121208920424,0.09375,0,0.48236121208920424
PB5,9079.776997308163,199382,49,0.42613035699227936,0.5758641962177455,0.0625,0.17045214279691176,0.00625,0.28793209810887277,0.46463424090578453
PB6,9350.382244141287,348806,52.75,0.504040888019492,0.25800165925673807,1,0.2016163552077968,0.1,0.12900082962836903,0.43061718483616584
