sort,catchyy,loc_code,location,fishery,sam_run,sacw,cfhl,cfhf,cfhfn,frhs,frhf,frhfn,frhfgg,nimf,nimfn,mokf,mokfn,mokfnc,mokfgg,merf,merfn,sjosx,noncv,hatchery,natural,totalrun,hat_prop,id_code,run
"A","2019","6FCSABAT CNFH","CNFH","50","3",0.00,0.00,12789.0,0.00,0.00,2.00,8.00,4.00,0.00,0.00,0.00,0.00,2.00,0.00,0.00,0.00,0.00,0.00,12805.0,1464.00,14269,0.897,"CNFH503","Fall"
"A","2019","6FCSABAT CNFH","CNFH","50","4",95.00,0.00,0.00,0.00,0.00,0.00,0.00,0.00,0.00,0.00,0.00,0.00,0.00,0.00,0.00,0.00,0.00,0.00,95.00,0.00,95,1.000,"CNFH504","Winter"
"A","2019","6FCSABAT CNFH","CNFH","50","7",0.00,3315.00,0.00,0.00,0.00,0.00,0.00,0.00,0.00,0.00,0.00,0.00,0.00,0.00,0.00,0.00,0.00,0.00,3315.00,76.00,3391,0.978,"CNFH507","Late-fall"
"F","2019","6FCSASAF KESW","KESW","50","4",111.00,0.00,0.00,0.00,0.00,0.00,0.00,0.00,0.00,0.00,0.00,0.00,0.00,0.00,0.00,0.00,0.00,0.00,111.00,69.00,180,0.617,"KESW504","Winter"
"F","2019","6FCSASAF KESW","KESW","50","7",0.00,17.00,0.00,0.00,0.00,0.00,0.00,0.00,0.00,0.00,0.00,0.00,0.00,0.00,0.00,0.00,0.00,0.00,17.00,6.00,23,0.739,"KESW507","Late-fall"
"G","2019","6FCSAFEA FRFH","FRFH","50","1",0.00,0.00,0.00,0.00,3643.00,0.00,13.00,4.00,0.00,0.00,0.00,0.00,0.00,0.00,0.00,0.00,2.00,0.00,3662.00,205.00,3867,0.947,"FRFH501","Spring"
"G","2019","6FCSAFEA FRFH","FRFH","50","3",0.00,1.00,32.00,0.00,2656.00,1293.00,8842.00,5453.00,0.00,20.00,0.00,24.00,64.00,7.00,0.00,95.00,5.00,0.00,18492.0,8611.00,27103,0.682,"FRFH503","Fall"
"I","2019","6FCSAAMN NBFH","NBFH","50","3",0.00,0.00,0.00,0.00,0.00,1.00,390.00,366.00,2845.00,3826.00,17.00,1806.00,192.00,294.00,0.00,86.00,0.00,0.00,9823.00,1473.00,11296,0.870,"NBFH503","Fall"
"J","2019","6FCSJMOK MRFI","MRFI","50","3",0.00,1.00,0.00,0.00,0.00,1.00,157.00,125.00,0.00,253.00,110.00,6220.00,281.00,218.00,6.00,227.00,0.00,0.00,7599.00,904.00,8503,0.894,"MRFI503","Fall"
"M","2019","6FCSJMER MRFF","MRFF","50","3",0.00,0.00,0.00,0.00,0.00,0.00,8.00,29.00,0.00,8.00,0.00,84.00,14.00,8.00,117.00,248.00,0.00,0.00,516.00,451.00,967,0.534,"MRFF503","Fall"
"A","2019","6FCSABAT CNFW","CNFW","52","7",4.00,356.00,0.00,0.00,0.00,0.00,0.00,0.00,0.00,0.00,0.00,0.00,0.00,0.00,0.00,0.00,0.00,0.00,360.00,5.00,365,0.986,"CNFW527","Late-fall"
"A","2019","6FCSABAT","BATT","54","3",0.00,0.00,18722.0,0.00,0.00,3.00,12.00,6.00,0.00,0.00,0.00,0.00,3.00,0.00,0.00,0.00,0.00,0.00,18746.0,2129.00,20875,0.898,"BATT543","Fall"
"B","2019","6FCSACLR","CLR","54","3",0.00,0.00,831.00,0.00,10.00,0.00,39.00,119.00,0.00,0.00,0.00,39.00,0.00,10.00,0.00,0.00,0.00,0.00,1048.00,4664.00,5712,0.183,"CLR543","Fall"
"C","2019","6FCSACOT","COT","54","3",0.00,0.00,16.00,0.00,0.00,0.00,0.00,0.00,0.00,0.00,0.00,0.00,1.00,0.00,0.00,0.00,0.00,0.00,17.00,1300.00,1317,0.013,"COT543","Fall"
"D","2019","6FCSACOW","COW","54","3",0.00,0.00,12.00,0.00,0.00,0.00,0.00,0.00,0.00,0.00,0.00,0.00,1.00,0.00,0.00,0.00,0.00,0.00,13.00,1804.00,1817,0.007,"COW543","Fall"
"D","2019","6FCSAMLC","MLC","54","3",0.00,0.00,1017.00,0.00,0.00,0.00,0.00,0.00,0.00,0.00,0.00,0.00,0.00,0.00,0.00,0.00,0.00,0.00,1017.00,1506.00,2523,0.403,"MLC543","Fall"
"F","2019","6FCSASAF ABRB","USAC","54","3",0.00,0.00,900.00,0.00,13.00,0.00,193.00,150.00,0.00,0.00,0.00,0.00,13.00,12.00,0.00,0.00,0.00,0.00,1281.00,23180.0,24461,0.052,"USAC543","Fall"
"F","2019","6FCSASAF ABRB","USAC","54","4",2712.00,0.00,0.00,0.00,0.00,0.00,0.00,0.00,0.00,0.00,0.00,0.00,0.00,0.00,0.00,0.00,0.00,0.00,2712.00,5141.00,7853,0.345,"USAC544","Winter"
"F","2019","6FCSASAF ABRB","USAC","54","7",0.00,175.00,0.00,0.00,0.00,0.00,0.00,0.00,0.00,0.00,0.00,0.00,0.00,0.00,0.00,0.00,0.00,0.00,175.00,1076.00,1251,0.140,"USAC547","Late-fall"
"G","2019","6FCSAFEA","FEA","54","3",0.00,0.00,245.00,0.00,3352.00,2122.00,10246.0,6805.00,41.00,40.00,0.00,122.00,123.00,41.00,0.00,46.00,0.00,0.00,23183.0,28780.0,51963,0.446,"FEA543","Fall"
"H","2019","6FCSAFEA YUBAA","YUBA","54","3",0.00,0.00,0.00,0.00,158.00,35.00,690.00,209.00,0.00,0.00,0.00,210.00,36.00,0.00,0.00,0.00,0.00,0.00,1338.00,1353.00,2691,0.497,"YUBA543","Fall"
"H","2019","6FCSAFEA YUBAB","YUBB","54","3",0.00,0.00,0.00,0.00,32.00,11.00,300.00,85.00,0.00,85.00,0.00,0.00,0.00,0.00,0.00,0.00,0.00,0.00,513.00,165.00,678,0.757,"YUBB543","Fall"
"I","2019","6FCSAAMN","LARC","54","3",0.00,0.00,15.00,0.00,0.00,0.00,1421.00,819.00,6563.00,9323.00,21.00,4635.00,957.00,647.00,12.00,918.00,0.00,0.00,25331.0,1699.00,27030,0.937,"LARC543","Fall"
"J","2019","6FCSJMOK","MOKE","54","3",0.00,0.00,33.00,0.00,0.00,0.00,66.00,100.00,0.00,265.00,33.00,2392.00,100.00,116.00,0.00,82.00,0.00,0.00,3187.00,1180.00,4367,0.730,"MOKE543","Fall"
"K","2019","6FCSJSTA","STA","54","3",0.00,8.00,0.00,0.00,0.00,0.00,64.00,65.00,0.00,33.00,0.00,551.00,17.00,57.00,0.00,23.00,0.00,0.00,818.00,686.00,1504,0.544,"STA543","Fall"
"L","2019","6FCSJTUO","TUO","54","3",0.00,0.00,0.00,0.00,0.00,0.00,19.00,20.00,0.00,0.00,0.00,47.00,8.00,3.00,0.00,59.00,0.00,0.00,156.00,775.00,931,0.168,"TUO543","Fall"
"M","2019","6FCSJMER","MER","54","3",0.00,0.00,0.00,0.00,0.00,0.00,0.00,78.00,0.00,0.00,0.00,155.00,0.00,0.00,34.00,256.00,0.00,0.00,523.00,1688.00,2211,0.237,"MER543","Fall"
"N","2019","6FCSJAMR","UPSJ","54","1",0.00,0.00,0.00,0.00,0.00,0.00,0.00,0.00,0.00,0.00,0.00,0.00,0.00,0.00,0.00,0.00,146.00,0.00,146.00,9.00,155,0.942,"UPSJ541","Spring"
"F","2019","6FCSASBK","LSAC","46","3",27.00,167.00,432.00,0.00,0.00,27.00,430.00,1193.00,431.00,972.00,0.00,1186.00,0.00,82.00,0.00,0.00,0.00,0.00,4947.00,2479.00,7426,0.666,"LSAC463","Fall"
"F","2019","6FCSASAK","USAC","46","3",0.00,0.00,5801.00,0.00,13.00,0.00,52.00,52.00,0.00,0.00,0.00,0.00,0.00,0.00,0.00,0.00,0.00,0.00,5918.00,4891.00,10809,0.548,"USAC463","Fall"
"F","2019","6FCSASAK","USAC","46","7",7.00,142.00,28.00,0.00,0.00,0.00,0.00,0.00,0.00,0.00,0.00,0.00,0.00,7.00,0.00,0.00,0.00,0.00,184.00,152.00,336,0.548,"USAC467","Late-fall"
"G","2019","6FCSAFEA","FEA","46","3",0.00,0.00,105.00,0.00,513.00,300.00,2831.00,2309.00,0.00,52.00,0.00,0.00,40.00,0.00,0.00,60.00,0.00,0.00,6210.00,3885.00,10095,0.615,"FEA463","Fall"
"I","2019","6FCSAAMN","AMN","46","3",0.00,0.00,0.00,0.00,0.00,0.00,63.00,212.00,282.00,212.00,0.00,354.00,54.00,0.00,0.00,0.00,0.00,0.00,1177.00,651.00,1828,0.644,"AMN463","Fall"
